"juan","fernadez","colombiano","masculino"
"juan","fernadez","colombiano","masculino"
juan,fernadez,colombiano,masculino
juan,fernadez,colombiano,masculino
juan,fernadez,colombiano,masculino
"juan","fernadez","colombiano","masculino"
"juan","fernadez","colombiano","masculino"
"juan","fernadez","colombiano","masculino"
"juan","fernadez","colombiano","masculino"
"juan","fernadez","colombiano","masculino"
"juan","fernadez","colombiano","masculino"
"juan","fernadez","colombiano","masculino"
"juan","fernadez","colombiano","masculino"
